{"cameraMode":{"drawMode":0,"name":"Shaded","section":"Shading Mode"},"sceneLighting":true,"audioPlay":false,"sceneViewState":{"m_AlwaysRefresh":false,"showFog":true,"showSkybox":true,"showFlares":true,"showImageEffects":true,"showParticleSystems":true,"showVisualEffectGraphs":true,"m_FxEnabled":true},"in2DMode":false,"pivot":{"x":-5.1753010749816898,"y":-2.1200313568115236,"z":11.505657196044922},"rotation":{"x":0.3210790157318115,"y":0.026416145265102388,"z":-0.008959988132119179,"w":0.9466427564620972},"size":11.40902328491211,"orthographic":false}